Sr. no.,playlist_id
1,5ymkuBk3C1Iu4KTdJBK9vy
2,5Egmw4o1GAN8QkhXGaxao6
3,7pWNfjCrJmS4ILho1S4CvK
4,5Egmw4o1GAN8QkhXGaxao6
5,7pWNfjCrJmS4ILho1S4CvK
6,7pWNfjCrJmS4ILho1S4CvK
7,5ymkuBk3C1Iu4KTdJBK9vy
8,7pWNfjCrJmS4ILho1S4CvK
9,5ymkuBk3C1Iu4KTdJBK9vy
10,5Egmw4o1GAN8QkhXGaxao6
11,5ymkuBk3C1Iu4KTdJBK9vy
12,7pWNfjCrJmS4ILho1S4CvK
13,5ymkuBk3C1Iu4KTdJBK9vy
14,7pWNfjCrJmS4ILho1S4CvK
15,7pWNfjCrJmS4ILho1S4CvK
16,5ymkuBk3C1Iu4KTdJBK9vy
17,5Egmw4o1GAN8QkhXGaxao6
18,7pWNfjCrJmS4ILho1S4CvK
20,5Egmw4o1GAN8QkhXGaxao6
21,7pWNfjCrJmS4ILho1S4CvK
22,5ymkuBk3C1Iu4KTdJBK9vy
23,7pWNfjCrJmS4ILho1S4CvK
24,5ymkuBk3C1Iu4KTdJBK9vy
25,5Egmw4o1GAN8QkhXGaxao6
26,7pWNfjCrJmS4ILho1S4CvK
27,7pWNfjCrJmS4ILho1S4CvK
28,5ymkuBk3C1Iu4KTdJBK9vy
29,5ymkuBk3C1Iu4KTdJBK9vy
30,5ymkuBk3C1Iu4KTdJBK9vy
31,5Egmw4o1GAN8QkhXGaxao6
32,7pWNfjCrJmS4ILho1S4CvK
33,5ymkuBk3C1Iu4KTdJBK9vy
34,7pWNfjCrJmS4ILho1S4CvK
35,5ymkuBk3C1Iu4KTdJBK9vy
36,5ymkuBk3C1Iu4KTdJBK9vy
37,5ymkuBk3C1Iu4KTdJBK9vy
38,5Egmw4o1GAN8QkhXGaxao6
39,5ymkuBk3C1Iu4KTdJBK9vy
40,5ymkuBk3C1Iu4KTdJBK9vy
41,5ymkuBk3C1Iu4KTdJBK9vy
42,5ymkuBk3C1Iu4KTdJBK9vy
43,7pWNfjCrJmS4ILho1S4CvK
44,7pWNfjCrJmS4ILho1S4CvK
45,7pWNfjCrJmS4ILho1S4CvK
46,5ymkuBk3C1Iu4KTdJBK9vy
47,7pWNfjCrJmS4ILho1S4CvK
48,7pWNfjCrJmS4ILho1S4CvK
49,5ymkuBk3C1Iu4KTdJBK9vy
50,5ymkuBk3C1Iu4KTdJBK9vy
51,5Egmw4o1GAN8QkhXGaxao6
52,5ymkuBk3C1Iu4KTdJBK9vy
53,5ymkuBk3C1Iu4KTdJBK9vy
54,5ymkuBk3C1Iu4KTdJBK9vy
55,5ymkuBk3C1Iu4KTdJBK9vy
56,7pWNfjCrJmS4ILho1S4CvK
57,7pWNfjCrJmS4ILho1S4CvK
58,7pWNfjCrJmS4ILho1S4CvK
59,5ymkuBk3C1Iu4KTdJBK9vy
60,7pWNfjCrJmS4ILho1S4CvK
61,5ymkuBk3C1Iu4KTdJBK9vy
62,5Egmw4o1GAN8QkhXGaxao6
63,5ymkuBk3C1Iu4KTdJBK9vy
64,5Egmw4o1GAN8QkhXGaxao6
65,7pWNfjCrJmS4ILho1S4CvK
66,5Egmw4o1GAN8QkhXGaxao6
67,7pWNfjCrJmS4ILho1S4CvK
68,5Egmw4o1GAN8QkhXGaxao6
69,5Egmw4o1GAN8QkhXGaxao6
70,7pWNfjCrJmS4ILho1S4CvK
71,7pWNfjCrJmS4ILho1S4CvK
72,7pWNfjCrJmS4ILho1S4CvK
73,5Egmw4o1GAN8QkhXGaxao6
74,7pWNfjCrJmS4ILho1S4CvK
75,5Egmw4o1GAN8QkhXGaxao6
76,5ymkuBk3C1Iu4KTdJBK9vy
78,5Egmw4o1GAN8QkhXGaxao6
80,7pWNfjCrJmS4ILho1S4CvK
81,7pWNfjCrJmS4ILho1S4CvK
85,5ymkuBk3C1Iu4KTdJBK9vy
87,5Egmw4o1GAN8QkhXGaxao6
88,5ymkuBk3C1Iu4KTdJBK9vy
89,5Egmw4o1GAN8QkhXGaxao6
90,5Egmw4o1GAN8QkhXGaxao6
91,7pWNfjCrJmS4ILho1S4CvK
92,5Egmw4o1GAN8QkhXGaxao6
93,5Egmw4o1GAN8QkhXGaxao6
94,5Egmw4o1GAN8QkhXGaxao6
95,5Egmw4o1GAN8QkhXGaxao6
96,5Egmw4o1GAN8QkhXGaxao6
97,5Egmw4o1GAN8QkhXGaxao6
98,5Egmw4o1GAN8QkhXGaxao6
99,5Egmw4o1GAN8QkhXGaxao6
100,5Egmw4o1GAN8QkhXGaxao6
101,5Egmw4o1GAN8QkhXGaxao6
102,5Egmw4o1GAN8QkhXGaxao6
103,5Egmw4o1GAN8QkhXGaxao6
104,5Egmw4o1GAN8QkhXGaxao6
105,5ymkuBk3C1Iu4KTdJBK9vy
